{
    "out1754574347": {
        "Global hit rate": 0.5,
        "L2 hit rate by read instruction": 99.9949,
        "L2 hit rate by write instruction": 100.0,
        "Executed instructions": 3.399450625,
        "Instruction throughput": 91.456175,
        "Issued instructions": 85.2409375,
        "Read Bytes": 0.0,
        "Written bytes": 0.0,
        "Memory Stall": 2.84087375,
        "Controller Stall": 8.989003424999998,
        "Throttle Stall": 8.774709035,
        "Steady Temp °C": [
            NaN
        ],
        "Energy spent J/min": [
            9153.782950820494
        ],
        "Clock Frequency MHz": [
            2703.3870967741937
        ],
        "response (s)": [
            62
        ]
    }
}