{
    "out1754575644": {
        "Global hit rate": 0.5,
        "L2 hit rate by read instruction": 99.9941,
        "L2 hit rate by write instruction": 100.0,
        "Executed instructions": 3.511455,
        "Instruction throughput": 89.94380000000001,
        "Issued instructions": 68.3521075,
        "Read Bytes": 0.0,
        "Written bytes": 6636760.0,
        "Memory Stall": 0.053510075000000004,
        "Controller Stall": 9.250172142857142,
        "Throttle Stall": 10.597790243,
        "Steady Temp °C": [
            NaN
        ],
        "Energy spent J/min": [
            3602.8199999034405
        ],
        "Clock Frequency MHz": [
            1357.5
        ],
        "response (s)": [
            2
        ]
    }
}