{
    "out1757944982V0": {
        "Global hit rate": 0.9990012428977273,
        "L2 hit rate by read instruction": 100.0,
        "L2 hit rate by write instruction": 100.0,
        "Executed instructions": 2.9191149999999997,
        "Instruction throughput": 78.0987,
        "Issued instructions": 16.9808,
        "Read Bytes": 0.0,
        "Written bytes": 0.0,
        "Memory Stall": 16.569926499999998,
        "Controller Stall": 7.684008321428571,
        "Throttle Stall": 13.976151973349998,
        "Steady Temp °C": [
            NaN
        ],
        "Energy spent J/min": [
            8837.623999997973
        ],
        "Clock Frequency MHz": [
            2741.065573770492
        ],
        "response (s)": [
            61
        ]
    }
}