{
    "out1757947924V0": {
        "Global hit rate": 0.9668020491987089,
        "L2 hit rate by read instruction": 99.9883,
        "L2 hit rate by write instruction": 100.0,
        "Executed instructions": 0.19302875,
        "Instruction throughput": 9.8960425,
        "Issued instructions": 4.8307375,
        "Read Bytes": 0.0,
        "Written bytes": 0.0,
        "Memory Stall": 12.377531675,
        "Controller Stall": 8.149414285714284,
        "Throttle Stall": 4.171809085,
        "Steady Temp °C": [
            NaN
        ],
        "Energy spent J/min": [
            8756.43050847291
        ],
        "Clock Frequency MHz": [
            2716.0
        ],
        "response (s)": [
            60
        ]
    }
}